{"params":{"0":{"algorithm":"ball_tree","leaf_size":30,"n_jobs":-1,"n_neighbors":1},"1":{"algorithm":"ball_tree","leaf_size":30,"n_jobs":-1,"n_neighbors":2},"2":{"algorithm":"ball_tree","leaf_size":30,"n_jobs":-1,"n_neighbors":3},"3":{"algorithm":"ball_tree","leaf_size":30,"n_jobs":-1,"n_neighbors":4},"4":{"algorithm":"ball_tree","leaf_size":30,"n_jobs":-1,"n_neighbors":5},"5":{"algorithm":"ball_tree","leaf_size":30,"n_jobs":-1,"n_neighbors":6},"6":{"algorithm":"ball_tree","leaf_size":30,"n_jobs":-1,"n_neighbors":7},"7":{"algorithm":"ball_tree","leaf_size":30,"n_jobs":-1,"n_neighbors":8},"8":{"algorithm":"ball_tree","leaf_size":30,"n_jobs":-1,"n_neighbors":9},"9":{"algorithm":"ball_tree","leaf_size":30,"n_jobs":-1,"n_neighbors":10}},"f1":{"0":0.7296563954,"1":0.7218077993,"2":0.7153713717,"3":0.7063970412,"4":0.700355485,"5":0.6926068242,"6":0.6870664033,"7":0.6859246786,"8":0.6811505789,"9":0.6798894817},"accuracy":{"0":0.7350088183,"1":0.7275132275,"2":0.7208994709,"3":0.7125220459,"4":0.7063492063,"5":0.6988536155,"6":0.6931216931,"7":0.6922398589,"8":0.6873897707,"9":0.6869488536}}